{"cameraMode":{"drawMode":0,"name":"Shaded","section":"Shading Mode"},"sceneLighting":true,"audioPlay":false,"sceneViewState":{"m_AlwaysRefresh":false,"showFog":true,"showSkybox":true,"showFlares":true,"showImageEffects":true,"showParticleSystems":true,"showVisualEffectGraphs":true,"m_FxEnabled":true},"in2DMode":false,"pivot":{"x":-15.05342960357666,"y":0.0033490657806396486,"z":1.539017915725708},"rotation":{"x":-0.18992361426353455,"y":0.5298022031784058,"z":-0.12310536950826645,"w":-0.8173642158508301},"size":12.461819648742676,"orthographic":false}